"module","sha256","clsid","description","threadingModel","resourceRva","resourceFile"
"work/producer/app/BandStripMgr.dll","032f5fd29c3176c532927dcc669bd31d2be0b6fd4d4f207683341964512b17d7","C4B6CAFF-EE91-11D1-970D-00C04FA36E58","BandMgr Class","Apartment","0x176e0","work/analysis/pe/app__BandStripMgr.dll/resource-0000.bin"
"work/producer/app/ChordMapRefStripMgr.dll","6ecb93cdf17eaa2f900f8d7caa66d4b3231d4884244dae346dc039859518e37a","E788F2EA-DBCA-11D1-96E4-00C04FA36E58","PersRefMgr Class","Apartment","0x14608","work/analysis/pe/app__ChordMapRefStripMgr.dll/resource-0000.bin"
"work/producer/app/ChordMapStripMgr.dll","24f5c6f67772d148c9520b0210d04f0be18a9d6719029ddbad0623042a52e9f2","9B0E9FE1-EBD6-11D0-9EDC-00AA00A21BA9","ChordMapMgr Class","Apartment","0x21d18","work/analysis/pe/app__ChordMapStripMgr.dll/resource-0000.bin"
"work/producer/app/ChordStripMgr.dll","33db8e6f8e2eeaf7aeab68e368b2fd38478b1157278a91f5895e24640d39288b","1B397D99-BB36-11D0-BBD3-00A0C922E6EB","ChordMgr Class","Apartment","0x1ec18","work/analysis/pe/app__ChordStripMgr.dll/resource-0000.bin"
"work/producer/app/CommandStripMgr.dll","c03ad80ae029ee24768c8859e1081597f8cd527e5cccf382c00fb36c272c05bb","6E6AD93D-CD54-11D0-BBE9-00A0C922E6EB","CommandMgr Class","Apartment","0x13748","work/analysis/pe/app__CommandStripMgr.dll/resource-0000.bin"
"work/producer/app/LyricStripMgr.dll","94fd222036aefcf11b6e39386a750bc71ed07b3bc5710609657f0b3959724762","EE279466-B2E5-11D1-888F-00C04FBF8D15","LyricMgr Class","Apartment","0x14688","work/analysis/pe/app__LyricStripMgr.dll/resource-0000.bin"
"work/producer/app/MarkerStripMgr.dll","d7d1e14f7288444377b3494ba1a647e631feddff15e1dff1d1441322786ffd05","AD273CD3-75E3-4F34-AC0E-F8B8FC121577","MarkerMgr Class","Apartment","0x15660","work/analysis/pe/app__MarkerStripMgr.dll/resource-0000.bin"
"work/producer/app/MIDIStripMgr.dll","cba6013d41a7ffb45068ee51a2629cf136351068cb211427ec792a87d1542de3","30DF810B-D7A0-11D0-BBF3-00A0C922E6EB","MIDIMgr Class","Apartment","0x68af0","work/analysis/pe/app__MIDIStripMgr.dll/resource-0000.bin"
"work/producer/app/MuteStripMgr.dll","8c0d35f0de784b03c328cf56336b2da16bc27c8662a33f40fb149bc7ae4e6652","A3504AE2-174B-11D2-850D-00A0C99F7E74","MuteMgr Class","Apartment","0x15028","work/analysis/pe/app__MuteStripMgr.dll/resource-0000.bin"
"work/producer/app/ParamStripMgr.dll","a00255b501d15e677980be8026cd8a15847ab5ec5c66db83c0182279a9dd8a57","A1467A29-25E2-41B7-B191-9462BCD97EB5","ParamMgr Class","Apartment","0x29958","work/analysis/pe/app__ParamStripMgr.dll/resource-0000.bin"
"work/producer/app/ScriptStripMgr.dll","46bf4682d864b7fd82e357a0b9050680774b71eec278003a550af3d348639967","85DFAE18-6BC9-11D3-B45F-00105A2796DE","ScriptMgr Class","Apartment","0x19660","work/analysis/pe/app__ScriptStripMgr.dll/resource-0000.bin"
"work/producer/app/SegmentStripMgr.dll","19f98fc728a7167e2f7651eae1749012d643fc65666918bb05f1249b59a6771b","A05F7B92-76B5-11D3-B45F-00105A2796DE","SegmentTriggerMgr Class","Apartment","0x1a6e8","work/analysis/pe/app__SegmentStripMgr.dll/resource-0000.bin"
"work/producer/app/SequenceStripMgr.dll","1857edef76a0b60cf4ed7941d36e812493b4e781f8af0c79f7da5d9f2a1552e3","EAAC67C1-27EF-11D2-BC59-00C04FA3726E","DirectMusic Producer SequenceMgr Class","Apartment","0x3f5c8","work/analysis/pe/app__SequenceStripMgr.dll/resource-0000.bin"
"work/producer/app/SignPostStripMgr.dll","919ede35a87162c0644ab54367832da9ddb30672f18bddd1f44abe42b4d85e2a","D86B06B1-E156-11D0-BACA-00805F493F43","SignPostMgr Class","Apartment","0x13848","work/analysis/pe/app__SignPostStripMgr.dll/resource-0000.bin"
"work/producer/app/StyleRefStripMgr.dll","db2bb1b1e7e99acd32607738a94a834a4befb5ff4826e0347e45e2c957bc4682","066891C0-D658-11D1-96D5-00C04FA36E58","StyleRefMgr Class","Apartment","0x166e8","work/analysis/pe/app__StyleRefStripMgr.dll/resource-0000.bin"
"work/producer/app/TempoStripMgr.dll","bb9811c74f68dcf0b37d32fe2ae89d3e45962e59b95f1ec93ddf7a12635a5c95","C6ED2EA5-F1D3-11D1-88CB-00C04FBF8D15","DirectMusic Producer TempoMgr Class","Apartment","0x14628","work/analysis/pe/app__TempoStripMgr.dll/resource-0000.bin"
"work/producer/app/Timeline.dll","bebc8149e31f3b4b0b74bffbf482acc38ba8b5b28a1468c9741e71961c6db176","DB838A7C-B4F5-11D0-A97F-00A0C922E6EB","DirectMusic Producer TimelineCtl Class","Apartment","0x20758","work/analysis/pe/app__Timeline.dll/resource-0000.bin"
"work/producer/app/Timeline.dll","bebc8149e31f3b4b0b74bffbf482acc38ba8b5b28a1468c9741e71961c6db176","884F3F04-BFE0-11D0-BBDB-00A0C922E6EB","TimeStripMgr Class","Apartment","0x209a8","work/analysis/pe/app__Timeline.dll/resource-0001.bin"
"work/producer/app/TimeSigStripMgr.dll","898258cfbf1b17bef0054695d25331c530e2ee2846c5d45073a8fd5670484bb7","8C6005D2-ABDA-11D2-B0D9-00105A26620B","TimeSigMgr Class","Apartment","0x15cf8","work/analysis/pe/app__TimeSigStripMgr.dll/resource-0000.bin"
"work/producer/app/WaveStripMgr.dll","81be606a6b62511f805b6074396d2d2d328f05563dfaf45414ceb44d1f435dba","291F01E3-8E58-412F-8B55-9640127597F4","WaveMgr Class","Apartment","0x31b90","work/analysis/pe/app__WaveStripMgr.dll/resource-0000.bin"
