"module","sha256","responsibility","formats","sourceTarget","connections","implementation","unitComparison","hostAcceptance","originalDependency","nextAction","evidence"
"DMUSProd.exe","fad2eec4d5dacd3bfd67694ea63ca169517902b73e30d283998cf7726e41c011","本体・Framework・プロジェクト","JAZP/pro; 製品DMPJ","src/producer; producer","文書所有・編集サービス・終了","限定本体: Style/Segment所有、Style tempo/meter/Pattern groove、Undo/Redo保存、Framework参照先行検証、project catalog; 021203947Z Sequence/Band group-mask/type-index selection and selected-track edits, atomic context/history and new-track masks; optional source Tool/Graph actual note observation and owned Style selection; source Pattern duplication with shared references and selected Part unshare/new GUID, atomic Framework cache/history, GUI menu; atomic source Pattern name/embellishment properties and host inputs; existing source SPC1 Pattern copy/paste/fresh Part GUID remapping present, original Clipboard/UI compatibility still incomplete; native imported JAZP existing-name ref persistence with metadata/basis retention and DMPJ bridge; source empty JAZP factory and stable fresh identity; new native Segment filh GUID/write-time/size/object generation; native matching-folder save validation; nonmodal project limitations in scrollable status; new native Style/mixed filh/runtime/display/meter persistence; new Band GUID/native filh/runtime persistence; current020531123Z Style root ownedDLS locale/reference atomic assignment/cache and GUI binding; Project Open meter fields initialized; current024829130Z explicit Style root Band to Segment copy/owned DLS GUID retarget, source-preserving transaction, GUI source list; normal source Pattern no Sequence fallback","221222064Z JAZP/Band150/raw schema6 passed; full suite unexecuted; current020531123Z rootDLS29/relatedMotif28 independent raw passed, full core unexecuted; current024829130Z normalStyle17/independent raw passed; fullcore unexecuted","現行123002863Z保存73sources構成/build/install0。Style PartのAudioPath ConvertPChannel検証を追加し、本体でnormal Style/DLSのconfigured四folder改名Runtime準備・元Source不在復元を接続。native17と全bytes/二filename参照/補助catalog監査passed。PChannel5→21、WASAPI440Hz/120→180 BPM/途中Stop・無音・再開passed、派生反例3拒否。再生56/host24modules原版40hash一致0。現行GUI/Motif・原版比較・全core/全40/全八未完了。 work/analysis/runtime-style-audio/20261004T123400Z/report.md; 現行123002863Zの実GUIでUnicode Style名変更→Style/native Project保存→通常終了0→別GUIで復元→通常終了0を確認。新しい独立監査でStyleはUNFO/UNAMだけ、ProjectはStyle nnamと実size/write FILETIMEだけ変更、他4文書全bytes保持。両GUI各105modules原版40hash一致0。音声は同版の別Runtime入力の証拠。AudioPath編集GUI/Motif/全40/全八は未完了。 work/analysis/style-gui-lifecycle/20261004T125000Z/report.md; 現行123002863Zの実AudioPath GUIでUnicode名変更、route16→8、Undo16/Redo8、Segmentへのコピー、AudioPath/Segment/native Project保存、通常終了0、別GUI復元と通常終了0を確認。独立全bytes監査でAudioPathはUNAMとroute countのみ、SegmentはDMAPのみ、Projectはnnamと二filh実size/write FILETIMEのみ変更。他3文書保持。両GUI108/104modules原版40hash一致0。変更後入力の音声、Motif/全40/全八は未検証。 work/analysis/audiopath-gui-lifecycle/20261004T131200Z/report.md; 現行131847474Z保存73sources構成/build/install0。Motifの文脈SegmentからAudioPathを取得する設定carrierを接続し、再生はGetMotif生成物を維持。native28、configured四folder改名Runtime11出力/二filename書換え/元Source不在を独立監査。PChannel5→21、MIDI72/所有440Hz試料の880Hz出力、120 BPM各4onset、Stop無音/再開/最終無音を無人WASAPIで確認。反例3拒否、範囲外routeはDownload/Play前拒否。normal native17/保存監査もpassed。再生56/host24modules原版40hash一致0。現行GUI/全core/原版比較/全40/全八未完了。 work/analysis/runtime-motif-audio/20261004T133000Z/report.md; 現行134007961Z保存75sources構成/build/install0。本体FileにRuntime Recovery画面を接続し、RTUPv3の保存Project・依存元・許可された出力先をread-only照合。二文書16＋復元5、五形式18＋復元14と独立raw監査で実復旧/競合保持/再実行を確認。実GUIは保存Project読込・復旧済み表示/ボタン無効・別Project拒否・正常終了0。GUI実復旧操作と現行音声/全core/原版比較/全40/全八は未完了。 work/analysis/runtime-recovery-ui/20261004T135100Z/report.md; 現行135310286Z保存75sources構成/build/install0。復旧画面でプレビュー後の出力変更を確認前に拒否、確認中のjournal差替えを書込み前に拒否する修正。新規GUI専用fixture二既存出力を本体から復旧し、取消し保持・stale output拒否/Conflict表示・確認中journal差替え拒否・全Before/Restore無効・正常終了0を確認。独立raw全bytes/creation・write FILETIME/attributes一致、元Project/source/journal保持。GUI105/host24modules原版40hash一致0。現行音声/全core/原版比較/全40/全八は未完了。 work/analysis/runtime-recovery-gui-lifecycle/20261004T141100Z/report.md; 現行141957011Z保存75sources構成/build/install0。本体Motif再生画面で所有AudioPathを明示選択できるよう接続し、GetMotif再生を保持した私有設定carrierを実装。native28/Runtime11出力監査/元Source不在、同GUI呼出しCLI録音880Hz120BPM/Stop再開passed。実GUI PID15040でも所有AudioPathを選んだPlay/Stopと録音内再開/Stopを別々の校正済WASAPI録音で確認、無音RMS0/75・43onset/880Hz120BPM。派生反例各3拒否、範囲外PChannelはDownload/Play前拒否。別GUI PID2012で保存Style/Motif/AudioPath候補復元・取消し、両通常終了0/入力全bytes保持。GUI128/再読込105/CLI56/host24modules原版40hash一致0。全体共通AudioPath/原版動的比較/physical isolation/全core/全40/全八未完了。 work/analysis/owned-motif-gui/20261004T144700Z/report.md; 現行150511775Z保存75sources構成/build/install0。Conductor共通default AudioPathを次のSegment/Motif要求へ適用し、埋込Segment優先・私有コピー/元文書保持を11checks/独立RIFF全bytes監査で確認。本体TransportメニューとMotif Transport defaultを接続、現行GUI未実行。新native Motif28/Runtime11出力・元Source不在、共通default経由GetMotifとWASAPI2回880Hz120BPM/Stop再開/3区間RMS0/3派生PCM拒否passed。再生56modules原版40hash一致0。再生中切替/未接続silent互換/GUI/全core/物理隔離/全40/全八未完了。 work/analysis/transport-default/20261004T151000Z/report.md","Current GUI playback127 address-backed modules original40hash0; Windows DirectMusic/DirectSound/WASAPI dependencies retained; all40 responsibilities incomplete; currenthost23/playback57 original40hash0; OS dependencies retained; currentGUI104/post-playback128 module provenance original40hash0","Validate current Transport menu and Motif default selection in actual GUI with calibrated WASAPI capture and normal exit/separate reload; verify real Segment embedded-path precedence using a conflicting default configuration. Then implement live AudioPath switching and original silent unconnected-PChannel behavior with multi-session ownership, without dropping document bytes. Continue retained per-file Runtime folder memory/native save/reopen and all40/all8; do not repeat frozen OS error5 failures without changed-condition evidence.","product-host.md; product-state.json; product/20261002T215048185Z/core/dls-editor/pcm-io/pcm-io-proof.json; dls-playback-proof.json; 前版product-ui/20261002T213300Z/wave-gui-proof.json; product-ui/20261002T215515Z/pcm-gui-proof.json; gui-module-provenance.json; product/20261002T221432238Z/core/dls-editor/pcm-resize/pcm-resize-proof.json; product-ui/20261002T221600Z/pcm-resize-gui-proof.json; work/acceptance/product/20261002T223544561Z/core/dls-editor/region-create/region-create-proof.json; work/acceptance/product-ui/20261002T223650Z/region-create-gui-proof.json; work/acceptance/product/20261002T230304051Z/core/dls-editor/save-as/save-as-proof.json; work/acceptance/product-ui/20261002T230350Z/save-as-gui-proof.json; work/acceptance/product/20261002T232312195Z/core/dls-editor/wave-remove/wave-remove-proof.json; work/acceptance/product/20261002T232742232Z/core/dls-editor/wave-remove/wave-remove-proof.json; work/acceptance/product-ui/20261002T232850Z/states.json; work/acceptance/product-ui/20261003T014300Z/group-gui-proof.json; work/acceptance/product/20261003T014231358Z/core/meter-batch/meter-batch-proof.json; work/acceptance/product/20261003T021405339Z/core/sequence-band-groups/sequence-band-group-proof.json; product-ui/20261003T022100Z/sequence-band-group-gui-proof.json; work/acceptance/product/20261003T025830354Z/group-playback/group-playback-proof.json; work/acceptance/product/20261003T025830354Z/group-playback-module-provenance.json; work/acceptance/product/20261003T031302411Z/group-playback/group-playback-proof.json; work/acceptance/product-group/20261003T031318943Z/group-playback/group-playback-proof.json; work/acceptance/product-ui/20261003T031821972Z/parameter-gui-proof.json; work/acceptance/sequence-crud/20261003T043309507Z/core/sequence-crud/sequence-crud-proof.json; sequence-crud-playback-proof.json; command-track-contract.md; work/acceptance/command-track/20261003T070101193Z/core/command-track/command-track-proof.json; work/acceptance/command-track/20261003T071633049Z/unit-record.json; product-ui/20261003T071700Z/command-selection-gui-proof.json; product-group/20261003T072127640Z/run.json; work/acceptance/command-track/20261003T074356471Z/unit-record.json; work/analysis/command-runtime/20261003T073400Z/observation-proof.json; playback-notification-contract.md; work/acceptance/product-notifications/20261003T081507906Z/notification-proof.json; work/acceptance/product-ui/20261003T080000Z/gui-lifecycle-proof.json; style-selection-contract.md; style-embellishment-contract.md; product-notes/20261003T090109696Z/unit-record.json; product-notes/20261003T091059804Z/unit-record.json; pattern-ownership-contract.md; work/acceptance/pattern-ownership/20261003T092203678Z/unit-record.json; pattern-properties-contract.md; work/acceptance/pattern-properties/20261003T094717628Z/unit-record.json; work/acceptance/product-project-gui/20261003T095313400Z/properties-gui-proof.json; work/analysis/jazp-save/20261003T203300Z/unit-record.json; work/analysis/jazp-empty/20261003T205500Z/unit-record.json; work/analysis/jazp-segment/20261003T211513Z/unit-record.json; work/analysis/jazp-folder/20261003T213626Z/unit-record.json; work/analysis/jazp-nonmodal/20261003T214144Z/unit-record.json; work/analysis/jazp-style/20261003T220101Z/unit-record.json; work/analysis/jazp-band/20261003T221921Z/unit-record.json; work/analysis/style-project-gui/20261004T011500Z/style-project-gui-proof.json; work/analysis/gui-audio-final-stop/20261004T015000Z/unit-record.json; work/analysis/style-root-dls/20261004T020600Z/unit-record.json; work/analysis/normal-style-dls/20261004T023800Z/unit-record.json; work/analysis/normal-style-gui/20261004T030000Z/unit-record.json; work/analysis/normal-style-reload/20261004T033300Z/unit-record.json; 2026-10-04校正済み通常Style GUI音声：work/analysis/normal-style-gui-audio/20261004T035000Z。現行024829130Z/PID8628、録音器032918787Z、180秒5phase、440Hz・120→180BPM両再生合格（64/72音）、3無音RMS0、自然終了前Stop/再開/finalStop、128module原版40hash0。4派生反例拒否。製品62sources不変、configure/build/installは同版既存0。物理スピーカー/GUI MIDI callback/fullcore/full40/full8未確認。次はDLS articulation/native ndsc/原版比較。; work/analysis/normal-style-gui-audio/20261004T035000Z/unit-record.json; 現行040836168Z保存63sources、configure/build/install0、DLS articulation21checks/独立raw/host smoke0。Instrument/Region所有を区別し、art1/art2・lart/lar2の複数blockを順序保持、符号付きrawScaleと可変接続件数を編集、明示block追加、ヘッダー拡張/未知tail/cdl/兄弟chunkを保持、UndoRedo/拒否原子性/別Framework保存復元全bytespassed。原版保存after-instrument.dlp内lar2/art1をfixture比較したが、原版動的編集/単位変換/GUI/音声は未実行。旧024829130Z GUI音声合格は旧版記録として保持し、新版へ転用しない。全core/full40/full8未完了。; work/analysis/dls-articulation/20261004T041300Z/unit-record.json; 現行041847582Z保存65sources構成/build/install0、articulation21/raw/host smoke0。DLS画面ArticulationボタンからInstrument/Region所有・block・接続を選ぶraw編集画面を接続。PID15788 GUIでInstrument1 Scale2147483647→-65536、Save/UndoSave/RedoSave全bytes一致（Scale領域offset366のみ）。GUI104modules原版40hash0。Region CRUD/別起動復元/通常終了/現行音声・単位/曲線・原版動的比較・全core/full40/full8未完了。旧024829130Z音声成功は新版へ転用しない。; work/analysis/articulation-gui/20261004T042000Z/unit-record.json; work/analysis/runtime-save-as/20261004T093900Z/unit-record.json; work/analysis/runtime-settings/20261004T100300Z/unit-record.json; work/analysis/runtime-update/20261004T102000Z/unit-record.json; work/analysis/runtime-defaults/20261004T104300Z/unit-record.json; work/analysis/runtime-multifolder/20261004T105300Z/unit-record.json; work/analysis/runtime-gui/20261004T112100Z/unit-record.json; work/analysis/runtime-recovery-record/20261004T113000Z/unit-record.json; work/analysis/runtime-recovery-inspect/20261004T114300Z/unit-record.json; work/analysis/runtime-recovery-write/20261004T120000Z/unit-record.json; work/analysis/runtime-recovery-configured/20261004T120900Z/unit-record.json; work/analysis/runtime-style-audio/20261004T123400Z/unit-record.json; work/analysis/style-gui-lifecycle/20261004T125000Z/unit-record.json; work/analysis/audiopath-gui-lifecycle/20261004T131200Z/unit-record.json; work/analysis/runtime-motif-audio/20261004T133000Z/unit-record.json; work/analysis/runtime-recovery-ui/20261004T135100Z/unit-record.json; work/analysis/runtime-recovery-gui-lifecycle/20261004T141100Z/unit-record.json; work/analysis/owned-motif-gui/20261004T144700Z/unit-record.json; work/analysis/transport-default/20261004T151000Z/unit-record.json"
"Uninst.dll","0fc8954f15982de1a6e6bf60de7def72f6e4efc1160a7c1ab1384743fe92c327","導入解除補助","インストール情報","予定 scripts/install/uninstall","配布・登録の由来管理","未着手","未実施","未実施","現行headless最小経路は原版hash一致0件。全GUI/再生/全機能は未確認。比較経路は原版依存を維持","編集機能と区別し製品解除/復元要件を確定","modules.csv; host-map.md; product-host.md (責務の未観測詳細は課題)"
"ADSREnvelope.ocx","d3be910f7e8f2d17ae1216d0588eef08e1e2cb98c1c9f70f77799cb571be8e58","音源エンベロープUI","DLS articulation","予定 src/dls/envelope","DLS編集モデル","未着手","未実施","未実施","現行headless最小経路は原版hash一致0件。全GUI/再生/全機能は未確認。比較経路は原版依存を維持","パラメータ単位/範囲/曲線の原版観測","modules.csv; host-map.md; product-host.md (責務の未観測詳細は課題); 現行040836168Z保存63sources、configure/build/install0、DLS articulation21checks/独立raw/host smoke0。Instrument/Region所有を区別し、art1/art2・lart/lar2の複数blockを順序保持、符号付きrawScaleと可変接続件数を編集、明示block追加、ヘッダー拡張/未知tail/cdl/兄弟chunkを保持、UndoRedo/拒否原子性/別Framework保存復元全bytespassed。原版保存after-instrument.dlp内lar2/art1をfixture比較したが、原版動的編集/単位変換/GUI/音声は未実行。旧024829130Z GUI音声合格は旧版記録として保持し、新版へ転用しない。全core/full40/full8未完了。; work/analysis/dls-articulation/20261004T041300Z/unit-record.json; 現行041847582Z保存65sources構成/build/install0、articulation21/raw/host smoke0。DLS画面ArticulationボタンからInstrument/Region所有・block・接続を選ぶraw編集画面を接続。PID15788 GUIでInstrument1 Scale2147483647→-65536、Save/UndoSave/RedoSave全bytes一致（Scale領域offset366のみ）。GUI104modules原版40hash0。Region CRUD/別起動復元/通常終了/現行音声・単位/曲線・原版動的比較・全core/full40/full8未完了。旧024829130Z音声成功は新版へ転用しない。; work/analysis/articulation-gui/20261004T042000Z/unit-record.json"
"AudioPathDesigner.ocx","6eb44bf5381b59c9205584520e9bec5676f3170a31e4a043d2983db4fedf9ec5","AudioPath文書編集","aud/aup","src/producer/audio_path.*; audio_path_editor.*; Framework/Segment/Conductor","DirectMusic・buffer・effect","partial: owned AudioPath/port-route range/buffer destination/name/history/native Project/independent Segment copy/runtime; full designer incomplete","Current14 assignment/20 document/raw/native metadata passed; original static help/SDK. Original dynamic comparison unexecuted.","現行20261004T092316964Z保存71sources構成/build/install0。AudioPath port/route PChannel範囲と既存buffer接続編集・UndoRedo/独立Segment copy/native保存復元/runtime全bytes保持を実装。Sequenceの誤った0～15制限をDWORD PChannelへ修正、予約broadcast拒否、UI接続。専用20＋文書20＋Sequence26/raw/host passed。編集APFarm local22の明示AudioPath実再生、元Source不在WASAPI440Hz/Slow Attack/Stop/再開/停止無音、派生PCM3拒否passed。再生56/host24modules原版40hash0。旧save Windows error5未解決、現行全core/GUI/原版動的比較/全40/全八未完了。 work/analysis/audiopath-range/20261004T091800Z/report.md; 現行141957011Z保存75sources構成/build/install0。本体Motif再生画面で所有AudioPathを明示選択できるよう接続し、GetMotif再生を保持した私有設定carrierを実装。native28/Runtime11出力監査/元Source不在、同GUI呼出しCLI録音880Hz120BPM/Stop再開passed。実GUI PID15040でも所有AudioPathを選んだPlay/Stopと録音内再開/Stopを別々の校正済WASAPI録音で確認、無音RMS0/75・43onset/880Hz120BPM。派生反例各3拒否、範囲外PChannelはDownload/Play前拒否。別GUI PID2012で保存Style/Motif/AudioPath候補復元・取消し、両通常終了0/入力全bytes保持。GUI128/再読込105/CLI56/host24modules原版40hash一致0。全体共通AudioPath/原版動的比較/physical isolation/全core/全40/全八未完了。 work/analysis/owned-motif-gui/20261004T144700Z/report.md; 現行150511775Z保存75sources構成/build/install0。Conductor共通default AudioPathを次のSegment/Motif要求へ適用し、埋込Segment優先・私有コピー/元文書保持を11checks/独立RIFF全bytes監査で確認。本体TransportメニューとMotif Transport defaultを接続、現行GUI未実行。新native Motif28/Runtime11出力・元Source不在、共通default経由GetMotifとWASAPI2回880Hz120BPM/Stop再開/3区間RMS0/3派生PCM拒否passed。再生56modules原版40hash一致0。再生中切替/未接続silent互換/GUI/全core/物理隔離/全40/全八未完了。 work/analysis/transport-default/20261004T151000Z/report.md","Current playback55/host24 original40hash matches0 in point snapshots; Windows DirectMusic/DirectSound/GM.DLS/WASAPI remain; full40 incomplete.","Validate current Transport menu and Motif default selection in actual GUI with calibrated WASAPI capture and normal exit/separate reload; verify real Segment embedded-path precedence using a conflicting default configuration. Then implement live AudioPath switching and original silent unconnected-PChannel behavior with multi-session ownership, without dropping document bytes. Continue retained per-file Runtime folder memory/native save/reopen and all40/all8; do not repeat frozen OS error5 failures without changed-condition evidence.","work/analysis/audiopath-range/20261004T091800Z/unit-record.json; work/analysis/audiopath-range/20261004T091800Z/report.md; work/analysis/owned-motif-gui/20261004T144700Z/unit-record.json; work/analysis/transport-default/20261004T151000Z/unit-record.json"
"BandEditor.ocx","b2cf00b7f46508618356690233a83ca007bb3b76f41326d8717974020074ab0e","Band楽器割当/独立文書","DMBD/bnp/bnd","src/producer/band.cpp; components.cpp; framework.cpp; main.cpp","typed factory/Framework/project/UI","独立Band所有/GM追加/patch banks percussion PChannel pan volume/UndoRedo/lossless保存/移動reload。DLS参照typed編集・Framework所有/相対GUID解決/project移動reloadを現行実装。DLS memory登録/downloadを現行接続、波形/region編集は未実装; current020531123Z Style root ownedDLS locale/reference atomic assignment/cache and GUI binding; Project Open meter fields initialized; current024829130Z explicit Style root Band to Segment copy/owned DLS GUID retarget, source-preserving transaction, GUI source list; normal source Pattern no Sequence fallback","current012514289Z native613・Tempo/TimeSig group/index・全保持選択編集/Framework復元; prior010502792Z DLS preflight; current020531123Z rootDLS29/relatedMotif28 independent raw passed, full core unexecuted; current024829130Z normalStyle17/independent raw passed; fullcore unexecuted","current012514289Z standard playback API passed/group-runtimeとGUI未確認。prior010502792Z edited-DLS API/004433285Z GUI loop成功は別版; current020531123Z rootStyle DLS GUI exact saved bytes and ProjectOpen5/8 to4/4 passed, audio/restart/exit unexecuted; current024829130Z CLI normalPattern ownedDLS440Hz/120 to180tempo/PlayStop replay finalStop26sec passed; newGUI unexecuted","current host24/playback55由来passed原版40hash一致0。prior010502792Z DLS55/004433285Z GUI105は別版; 宣言OS runtime/UI依存; currenthost23/playback57 original40hash0; OS dependencies retained","Current GUI Style Band source copy/UndoRedo/save and unattended playback/exit/restart; original dynamic comparison; remaining40/full8","product-host.md; product-state.json; product/20261002T215048185Z/core/dls-editor/pcm-io/pcm-io-proof.json; dls-playback-proof.json; 前版product-ui/20261002T213300Z/wave-gui-proof.json; product-ui/20261002T215515Z/pcm-gui-proof.json; gui-module-provenance.json; product/20261002T221432238Z/core/dls-editor/pcm-resize/pcm-resize-proof.json; product-ui/20261002T221600Z/pcm-resize-gui-proof.json; work/acceptance/product/20261002T223544561Z/core/dls-editor/region-create/region-create-proof.json; work/acceptance/product-ui/20261002T223650Z/region-create-gui-proof.json; work/acceptance/product/20261002T230304051Z/core/dls-editor/save-as/save-as-proof.json; work/acceptance/product-ui/20261002T230350Z/save-as-gui-proof.json; work/acceptance/product/20261002T232312195Z/core/dls-editor/wave-remove/wave-remove-proof.json; work/acceptance/product/20261002T232742232Z/core/dls-editor/wave-remove/wave-remove-proof.json; work/acceptance/product-ui/20261002T232850Z/states.json; work/analysis/style-root-dls/20261004T020600Z/unit-record.json; work/analysis/normal-style-dls/20261004T023800Z/unit-record.json"
"BandStripMgr.dll","032f5fd29c3176c532927dcc669bd31d2be0b6fd4d4f207683341964512b17d7","時刻付きBandTrack","DMBT/lbdl/lbnd/bdih/bd2h/DMBD","src/producer/band.cpp; document.cpp; framework.cpp; main.cpp","所有Bandコピー・UndoRedo・保存・再生","group1 copy/同時刻置換とlosslessヘッダ保持を実装。move/delete/physical編集を実装、group選択/GUID付きコピーdirectory移動対応、DLS memory/download接続; 021203947Z Sequence/Band group-mask/type-index selection and selected-track edits, atomic context/history and new-track masks; current024829130Z explicit Style root Band to Segment copy/owned DLS GUID retarget, source-preserving transaction, GUI source list; normal source Pattern no Sequence fallback","current031059939Z native645,independent raw RIFF/runtime group and parameter audits passed; 18Tempo/TimeSig parameters indexed fixture. Original dynamic comparison unexecuted; current024829130Z normalStyle17/independent raw passed; fullcore unexecuted","current031059939Z whole snapshots,PlayStop;7tracks23group/3Tempo and5tracks15group/18TempoTimeSig queries passed. Current GUI/audio unexecuted;previous021919982Z GUI83 scoped to previous binary; current024829130Z CLI normalPattern ownedDLS440Hz/120 to180tempo/PlayStop replay finalStop26sec passed; newGUI unexecuted; current024829130Z GUI Style Band copy/UndoRedo saved exact bytes and normal exit0 passed; GUI audio overall failed baseline contamination; current024829130Z separate GUI8628 Segment/DLS exact resave and restored tempo/Band/Region loop passed; calibrated recorder clock/quiet passed, GUI5phase playback pending","current playback55/54 modules provenance passed original40hash matches0;declared Windows dependencies;full functionality incomplete; currenthost23/playback57 original40hash0; OS dependencies retained; currentGUI104/post-playback128 module provenance original40hash0","Retained8628 GUI calibrated5phase audio; articulation/native ndsc/original comparison/remaining40/full8","product-host.md; playback-contract.md; product185204038Z/playback/bandtrack-proof.json; work/acceptance/product/20261003T021405339Z/core/sequence-band-groups/sequence-band-group-proof.json; product-ui/20261003T022100Z/sequence-band-group-gui-proof.json; work/acceptance/product/20261003T025830354Z/group-playback/group-playback-proof.json; work/acceptance/product/20261003T025830354Z/group-playback-module-provenance.json; work/acceptance/product/20261003T031302411Z/group-playback/group-playback-proof.json; work/acceptance/product-group/20261003T031318943Z/group-playback/group-playback-proof.json; work/analysis/normal-style-dls/20261004T023800Z/unit-record.json; work/analysis/normal-style-gui/20261004T030000Z/unit-record.json; work/analysis/normal-style-reload/20261004T033300Z/unit-record.json; 2026-10-04校正済み通常Style GUI音声：work/analysis/normal-style-gui-audio/20261004T035000Z。現行024829130Z/PID8628、録音器032918787Z、180秒5phase、440Hz・120→180BPM両再生合格（64/72音）、3無音RMS0、自然終了前Stop/再開/finalStop、128module原版40hash0。4派生反例拒否。製品62sources不変、configure/build/installは同版既存0。物理スピーカー/GUI MIDI callback/fullcore/full40/full8未確認。次はDLS articulation/native ndsc/原版比較。; work/analysis/normal-style-gui-audio/20261004T035000Z/unit-record.json"
"ChordMapDesigner.ocx","bc5090c7bec982b5c9b69ddfe18b3e6a4d47f131cc58aa2a64bd78bcaea0b50e","ChordMap文書編集","cdp/cdm","予定 src/chord_map","Chord・SignPost","未着手","未実施","未実施","現行headless最小経路は原版hash一致0件。全GUI/再生/全機能は未確認。比較経路は原版依存を維持","最小文書の節点/接続/保存形式を抽出","modules.csv; host-map.md; product-host.md (責務の未観測詳細は課題)"
"ChordMapRefStripMgr.dll","6ecb93cdf17eaa2f900f8d7caa66d4b3231d4884244dae346dc039859518e37a","ChordMap参照配置","chord map reference","予定 src/tracks/chord_map_reference","ChordMap・再生","未着手","未実施","未実施","現行headless最小経路は原版hash一致0件。全GUI/再生/全機能は未確認。比較経路は原版依存を維持","GUID/pathと時刻の参照保存契約を復元","modules.csv; host-map.md; product-host.md (責務の未観測詳細は課題)"
"ChordMapStripMgr.dll","24f5c6f67772d148c9520b0210d04f0be18a9d6719029ddbad0623042a52e9f2","ChordMap編集strip","chord map records","予定 src/tracks/chord_map","ChordMap・Timeline","未着手","未実施","未実施","現行headless最小経路は原版hash一致0件。全GUI/再生/全機能は未確認。比較経路は原版依存を維持","設計文書との所有関係と編集通知を特定","modules.csv; host-map.md; product-host.md (責務の未観測詳細は課題)"
"ChordStripMgr.dll","33db8e6f8e2eeaf7aeab68e368b2fd38478b1157278a91f5895e24640d39288b","Chord時刻編集","cord; crdb/crdt","予定 src/tracks/chord","Timeline・Style","未着手","未実施","未実施","現行headless最小経路は原版hash一致0件。全GUI/再生/全機能は未確認。比較経路は原版依存を維持","QuickStartのコード保存差分責務を確定","modules.csv; host-map.md; product-host.md (責務の未観測詳細は課題)"
"CommandStripMgr.dll","c03ad80ae029ee24768c8859e1081597f8cd527e5cccf382c00fb36c272c05bb","Command配置","cmnd","src/producer/command.*; document.*; producer_core/producer; src/producer/command_editor.cpp; src/producer/main.cpp","Timeline・Style・再生","部分: cmnd typed records, selected group/type-index CRUD, derived Timeline measure/beat, lossless extensions/header/siblings, atomic UndoRedo/Framework project reload. unknown field retention and OS CommandParam connected; GUI editor connected with27captures/single-byte SaveAs proof; remaining group/index/move/reload and Style pattern integration and original dynamic comparison unfinished","current074230941Z Command37/Framework restore; observed late command order with Param2; independent snapshot byte oracle","current host smoke; four inputs runtime12group/Tempo6/Command6 or9/PlayStop; moved old GUI input corrected. Current GUI/audio/Style/all40/all8 incomplete","current four runtime inventories each56 modules original40hash0; declared Windows DirectMusic/DirectSound/GM.DLS; GUI provenance unexecuted","Current GUI moved Open/PlayStop/normal exit/re-save; owned Style Pattern/Groove Command connection; meter reanchor/duplicate/unsorted/extended stride runtime","command-track-contract.md; work/analysis/command-track/saved-reference.json; work/acceptance/command-track/20261003T070101193Z/core/command-track/command-track-proof.json; work/acceptance/product-group/20261003T070130269Z/run.json; work/acceptance/command-track/20261003T071633049Z/unit-record.json; product-ui/20261003T071700Z/command-selection-gui-proof.json; product-group/20261003T072127640Z/run.json; work/acceptance/command-track/20261003T074356471Z/unit-record.json; work/analysis/command-runtime/20261003T073400Z/observation-proof.json"
"Conductor.dll","09a0a40ea983eb78a76826ec5b6faa077d3dae393eddd31db93dfc2512e53cf7","再生・停止・状態同期","DirectMusic segment/audio path","src/producer/conductor.*; src/compat/playback_runtime.h; producer","文書・DirectMusic OSランタイム","部分: StyleをGUID+memoryで登録、OS/source拍子tempo照合、現在文書再生/テンポ/Stop/replay/解放。filename-only/GUIDなしStyleは再生用コピーでidentity写像。全再生は未完了; non-S_OK Segment load refused before Download/Play; preserved unsupported tracks never silently played as subset; current-segment IUnknown notification identity, value copy/FreePMsg, Stop drain and GUI timer Command/Groove display; optional source Tool/Graph actual note observation and owned Style selection; source Pattern duplication with shared references and selected Part unshare/new GUID, atomic Framework cache/history, GUI menu; atomic source Pattern name/embellishment properties and host inputs; 190056597Z weak canonical-address ID map, no stopped COM references, early notification value collection before release and public pending delivery; standalone primary sourceStyle tempo via runtime TempoTrack, secondary inherits clock; actual default resolution/start metadata; current024829130Z explicit Style root Band to Segment copy/owned DLS GUID retarget, source-preserving transaction, GUI source list; normal source Pattern no Sequence fallback","193013633Z finite Style180 tempo API/new recording and five actual boundaries; mixed-tempo/context/existing-track/original comparison incomplete; current024829130Z normalStyle17/independent raw passed; fullcore unexecuted","193013633Z new finite180 BPM endpoint audio and four derived negative controls, boundary/concurrent individual Stop API and host passed; GUI/full8 unexecuted; current010357203Z StyleGUI149/5/8/save/exit0/reload and separate Sequence/Band/ownedDLS GUI300sec five-phase440Hz PlayStop/restart/finalStop passed; not full8 or Style generated-note audio; current024829130Z CLI normalPattern ownedDLS440Hz/120 to180tempo/PlayStop replay finalStop26sec passed; newGUI unexecuted; current024829130Z GUI Style Band copy/UndoRedo saved exact bytes and normal exit0 passed; GUI audio overall failed baseline contamination; current024829130Z separate GUI8628 Segment/DLS exact resave and restored tempo/Band/Region loop passed; calibrated recorder clock/quiet passed, GUI5phase playback pending; 現行131847474Z保存73sources構成/build/install0。Motifの文脈SegmentからAudioPathを取得する設定carrierを接続し、再生はGetMotif生成物を維持。native28、configured四folder改名Runtime11出力/二filename書換え/元Source不在を独立監査。PChannel5→21、MIDI72/所有440Hz試料の880Hz出力、120 BPM各4onset、Stop無音/再開/最終無音を無人WASAPIで確認。反例3拒否、範囲外routeはDownload/Play前拒否。normal native17/保存監査もpassed。再生56/host24modules原版40hash一致0。現行GUI/全core/原版比較/全40/全八未完了。 work/analysis/runtime-motif-audio/20261004T133000Z/report.md; 現行141957011Z保存75sources構成/build/install0。本体Motif再生画面で所有AudioPathを明示選択できるよう接続し、GetMotif再生を保持した私有設定carrierを実装。native28/Runtime11出力監査/元Source不在、同GUI呼出しCLI録音880Hz120BPM/Stop再開passed。実GUI PID15040でも所有AudioPathを選んだPlay/Stopと録音内再開/Stopを別々の校正済WASAPI録音で確認、無音RMS0/75・43onset/880Hz120BPM。派生反例各3拒否、範囲外PChannelはDownload/Play前拒否。別GUI PID2012で保存Style/Motif/AudioPath候補復元・取消し、両通常終了0/入力全bytes保持。GUI128/再読込105/CLI56/host24modules原版40hash一致0。全体共通AudioPath/原版動的比較/physical isolation/全core/全40/全八未完了。 work/analysis/owned-motif-gui/20261004T144700Z/report.md; 現行150511775Z保存75sources構成/build/install0。Conductor共通default AudioPathを次のSegment/Motif要求へ適用し、埋込Segment優先・私有コピー/元文書保持を11checks/独立RIFF全bytes監査で確認。本体TransportメニューとMotif Transport defaultを接続、現行GUI未実行。新native Motif28/Runtime11出力・元Source不在、共通default経由GetMotifとWASAPI2回880Hz120BPM/Stop再開/3区間RMS0/3派生PCM拒否passed。再生56modules原版40hash一致0。再生中切替/未接続silent互換/GUI/全core/物理隔離/全40/全八未完了。 work/analysis/transport-default/20261004T151000Z/report.md","Current GUI playback127 address-backed modules original40hash0; Windows DirectMusic/DirectSound/WASAPI dependencies retained; all40 responsibilities incomplete; currenthost23/playback57 original40hash0; OS dependencies retained; currentGUI104/post-playback128 module provenance original40hash0","Validate current Transport menu and Motif default selection in actual GUI with calibrated WASAPI capture and normal exit/separate reload; verify real Segment embedded-path precedence using a conflicting default configuration. Then implement live AudioPath switching and original silent unconnected-PChannel behavior with multi-session ownership, without dropping document bytes. Continue retained per-file Runtime folder memory/native save/reopen and all40/all8; do not repeat frozen OS error5 failures without changed-condition evidence.","product-host.md; style-contract.md; product-state.json; product180749821Z/run.json; style-playback/mapping-proof.json; product-ui180100Z/unit-audit.json（GUI175953941Z）; work/acceptance/product/20261003T025830354Z/group-playback/group-playback-proof.json; work/acceptance/product/20261003T025830354Z/group-playback-module-provenance.json; work/acceptance/product/20261003T031302411Z/group-playback/group-playback-proof.json; work/acceptance/product-group/20261003T031318943Z/group-playback/group-playback-proof.json; work/acceptance/product-ui/20261003T031821972Z/parameter-gui-proof.json; work/acceptance/sequence-crud/20261003T043309507Z/core/sequence-crud/sequence-crud-proof.json; sequence-crud-playback-proof.json; command-track-contract.md; work/acceptance/command-track/20261003T070101193Z/core/command-track/command-track-proof.json; work/acceptance/command-track/20261003T071633049Z/unit-record.json; product-ui/20261003T071700Z/command-selection-gui-proof.json; product-group/20261003T072127640Z/run.json; work/acceptance/command-track/20261003T074356471Z/unit-record.json; work/analysis/command-runtime/20261003T073400Z/observation-proof.json; playback-notification-contract.md; work/acceptance/product-notifications/20261003T081507906Z/notification-proof.json; work/acceptance/product-ui/20261003T080000Z/gui-lifecycle-proof.json; style-selection-contract.md; style-embellishment-contract.md; product-notes/20261003T090109696Z/unit-record.json; product-notes/20261003T091059804Z/unit-record.json; pattern-ownership-contract.md; work/acceptance/pattern-ownership/20261003T092203678Z/unit-record.json; pattern-properties-contract.md; work/acceptance/pattern-properties/20261003T094717628Z/unit-record.json; work/acceptance/product-project-gui/20261003T095313400Z/properties-gui-proof.json; work/analysis/notification-identity/20261003T190800Z/unit-record.json; work/analysis/motif-tempo/20261003T193600Z/unit-record.json; work/analysis/style-project-gui/20261004T011500Z/style-project-gui-proof.json; work/analysis/gui-audio-final-stop/20261004T015000Z/unit-record.json; work/analysis/normal-style-dls/20261004T023800Z/unit-record.json; work/analysis/normal-style-gui/20261004T030000Z/unit-record.json; work/analysis/normal-style-reload/20261004T033300Z/unit-record.json; 2026-10-04校正済み通常Style GUI音声：work/analysis/normal-style-gui-audio/20261004T035000Z。現行024829130Z/PID8628、録音器032918787Z、180秒5phase、440Hz・120→180BPM両再生合格（64/72音）、3無音RMS0、自然終了前Stop/再開/finalStop、128module原版40hash0。4派生反例拒否。製品62sources不変、configure/build/installは同版既存0。物理スピーカー/GUI MIDI callback/fullcore/full40/full8未確認。次はDLS articulation/native ndsc/原版比較。; work/analysis/normal-style-gui-audio/20261004T035000Z/unit-record.json; work/analysis/runtime-motif-audio/20261004T133000Z/unit-record.json; work/analysis/owned-motif-gui/20261004T144700Z/unit-record.json; work/analysis/transport-default/20261004T151000Z/unit-record.json"
"ContainerDesigner.ocx","7ccebafb8435398c8d824728b8bb2a562a490640f349bd57d7ec7d4017098a44","Containerと参照文書","con/cop","予定 src/container","文書・ランタイムloader","未着手","未実施","未実施","現行headless最小経路は原版hash一致0件。全GUI/再生/全機能は未確認。比較経路は原版依存を維持","参照/埋込/alias・保存の最小契約","modules.csv; host-map.md; product-host.md (責務の未観測詳細は課題)"
"DLSDesigner.ocx","db9c3d57ee2c6c2446489c3146f198b79797fda4f2f41d4ea67b92391560c065","DLS音源・region編集","DLS/dlp/dls","src/producer/dls.cpp; dls_editor.cpp; framework.cpp; main.cpp","Wave・ADSREnvelope・RegionKeyboard","限定DLS model/所有/dirty/save/history、前版GUI楽器/Region/PCM編集。現行Band locale/reference一括割当、自動patch変換。CRUD/import/export/loop/articulation/サイズ変更は未実装。現行複数instrument選択UI。Region複製/削除・可変長履歴、本体保存/再起動まで接続。Wave複製/新GUID/cue再配置、本体PCM編集と参照・保存/再起動/再生まで接続","current012514289Z native613・Tempo/TimeSig group/index・全保持選択編集/Framework復元; prior010502792Z DLS preflight","current012514289Z standard playback API passed/group-runtimeとGUI未確認。prior010502792Z edited-DLS API/004433285Z GUI loop成功は別版","current host24/playback55由来passed原版40hash一致0。prior010502792Z DLS55/004433285Z GUI105は別版; 宣言OS runtime/UI依存","Timeline main group選択GUI/保存再起動（native batch reanchor接続済）; 現行GUI/音声、loop append/project、per-field override/articulation/原版比較と全責務","product-host.md; product-state.json; product/20261002T215048185Z/core/dls-editor/pcm-io/pcm-io-proof.json; dls-playback-proof.json; 前版product-ui/20261002T213300Z/wave-gui-proof.json; product-ui/20261002T215515Z/pcm-gui-proof.json; gui-module-provenance.json; product/20261002T221432238Z/core/dls-editor/pcm-resize/pcm-resize-proof.json; product-ui/20261002T221600Z/pcm-resize-gui-proof.json; work/acceptance/product/20261002T223544561Z/core/dls-editor/region-create/region-create-proof.json; work/acceptance/product-ui/20261002T223650Z/region-create-gui-proof.json; work/acceptance/product/20261002T230304051Z/core/dls-editor/save-as/save-as-proof.json; work/acceptance/product-ui/20261002T230350Z/save-as-gui-proof.json; work/acceptance/product/20261002T232312195Z/core/dls-editor/wave-remove/wave-remove-proof.json; work/acceptance/product/20261002T232742232Z/core/dls-editor/wave-remove/wave-remove-proof.json; work/acceptance/product-ui/20261002T232850Z/states.json; 現行040836168Z保存63sources、configure/build/install0、DLS articulation21checks/独立raw/host smoke0。Instrument/Region所有を区別し、art1/art2・lart/lar2の複数blockを順序保持、符号付きrawScaleと可変接続件数を編集、明示block追加、ヘッダー拡張/未知tail/cdl/兄弟chunkを保持、UndoRedo/拒否原子性/別Framework保存復元全bytespassed。原版保存after-instrument.dlp内lar2/art1をfixture比較したが、原版動的編集/単位変換/GUI/音声は未実行。旧024829130Z GUI音声合格は旧版記録として保持し、新版へ転用しない。全core/full40/full8未完了。; work/analysis/dls-articulation/20261004T041300Z/unit-record.json; 現行041847582Z保存65sources構成/build/install0、articulation21/raw/host smoke0。DLS画面ArticulationボタンからInstrument/Region所有・block・接続を選ぶraw編集画面を接続。PID15788 GUIでInstrument1 Scale2147483647→-65536、Save/UndoSave/RedoSave全bytes一致（Scale領域offset366のみ）。GUI104modules原版40hash0。Region CRUD/別起動復元/通常終了/現行音声・単位/曲線・原版動的比較・全core/full40/full8未完了。旧024829130Z音声成功は新版へ転用しない。; work/analysis/articulation-gui/20261004T042000Z/unit-record.json"
"FileOutputDMO.dll","527d01290411984999a54ed8950330714c63ddaa998709c913cacb83dfff845e","音声ファイル出力","PCM/WAVE; DMO","予定 src/audio_output","再生・AudioPath","未着手","未実施","未実施","現行headless最小経路は原版hash一致0件。全GUI/再生/全機能は未確認。比較経路は原版依存を維持","登録契約・音声形式・出力終了を復元","modules.csv; host-map.md; product-host.md (責務の未観測詳細は課題)"
"LyricStripMgr.dll","94fd222036aefcf11b6e39386a750bc71ed07b3bc5710609657f0b3959724762","歌詞時刻編集","lyric track","予定 src/tracks/lyric","Timeline・文字列","未着手","未実施","未実施","現行headless最小経路は原版hash一致0件。全GUI/再生/全機能は未確認。比較経路は原版依存を維持","文字コード・時刻・clipboardと保存を観測","modules.csv; host-map.md; product-host.md (責務の未観測詳細は課題)"
"MarkerStripMgr.dll","d7d1e14f7288444377b3494ba1a647e631feddff15e1dff1d1441322786ffd05","Marker配置","marker track","予定 src/tracks/marker","Timeline・再生","未着手","未実施","未実施","現行headless最小経路は原版hash一致0件。全GUI/再生/全機能は未確認。比較経路は原版依存を維持","marker種別と移動/保存/再生境界を観測","modules.csv; host-map.md; product-host.md (責務の未観測詳細は課題)"
"MIDIStripMgr.dll","cba6013d41a7ffb45068ee51a2629cf136351068cb211427ec792a87d1542de3","MIDI/pattern編集","MIDI; pattern records","予定 src/midi","Style・Band・Timeline","未着手","未実施","未実施","現行headless最小経路は原版hash一致0件。全GUI/再生/全機能は未確認。比較経路は原版依存を維持","MIDI最小入力のイベント単位/量子化契約","modules.csv; host-map.md; product-host.md (責務の未観測詳細は課題)"
"MuteStripMgr.dll","8c0d35f0de784b03c328cf56336b2da16bc27c8662a33f40fb149bc7ae4e6652","Mute制御track","mute track","予定 src/tracks/mute","PChannel・Timeline・再生","未着手","未実施","未実施","現行headless最小経路は原版hash一致0件。全GUI/再生/全機能は未確認。比較経路は原版依存を維持","値・チャンネル範囲と再生効果の契約","modules.csv; host-map.md; product-host.md (責務の未観測詳細は課題)"
"PanVol.ocx","b2b0c3b9fc9cf027aeeb1e6ba8640fc4ced47d8e41471b45b9726849b12a6fd4","pan/volume編集UI","instrument/audio controls","予定 src/controls/pan_volume","Band・DLS・AudioPath","未着手","未実施","未実施","現行headless最小経路は原版hash一致0件。全GUI/再生/全機能は未確認。比較経路は原版依存を維持","範囲・単位・通知・保存先を特定","modules.csv; host-map.md; product-host.md (責務の未観測詳細は課題)"
"ParamStripMgr.dll","a00255b501d15e677980be8026cd8a15847ab5ec5c66db83c0182279a9dd8a57","パラメータ制御track","parameter control","予定 src/tracks/parameter","ToolGraph・AudioPath・Timeline","未着手","未実施","未実施","現行headless最小経路は原版hash一致0件。全GUI/再生/全機能は未確認。比較経路は原版依存を維持","対象GUID・範囲・補間・保存契約を特定","modules.csv; host-map.md; product-host.md (責務の未観測詳細は課題)"
"RegionKeyboard.ocx","3f7809a6d2ac4ff744a60db44cbe9a929ff3b2d4ed2390387b12b8d2867a75d6","DLS鍵盤・region UI","DLS region","予定 src/dls/keyboard","DLS編集モデル","未着手","未実施","未実施","現行headless最小経路は原版hash一致0件。全GUI/再生/全機能は未確認。比較経路は原版依存を維持","鍵範囲・velocity・選択通知を原版観測","modules.csv; host-map.md; product-host.md (責務の未観測詳細は課題)"
"ScriptDesigner.ocx","3424aa2b64047a77f935b09e1b0653d811f7d75314d86a6153e134a97f481a42","Script文書編集","spt/spp","予定 src/script","ランタイム・参照・文書","未着手","未実施","未実施","現行headless最小経路は原版hash一致0件。全GUI/再生/全機能は未確認。比較経路は原版依存を維持","最小scriptとエラー/変数/保存の契約","modules.csv; host-map.md; product-host.md (責務の未観測詳細は課題)"
"ScriptStripMgr.dll","46bf4682d864b7fd82e357a0b9050680774b71eec278003a550af3d348639967","Script時刻起動","script track","予定 src/tracks/script","Script・Timeline・再生","未着手","未実施","未実施","現行headless最小経路は原版hash一致0件。全GUI/再生/全機能は未確認。比較経路は原版依存を維持","routine参照と時刻・停止の契約を復元","modules.csv; host-map.md; product-host.md (責務の未観測詳細は課題)"
"SegmentDesigner.ocx","541e5dd87c62cb0b449c571aba4e7ac863b093877ded7793eea89e4c6877c1bb","セグメント文書・トラック管理","DMSG/sgp/sgt","src/producer/document; producer_core","RIFF・トラック識別・Timeline・再生","DMSG Tempo/明示TimeSig/Sequence音符追加と保存。Band fixture/再生snapshot; 現行製品はTempo/TimeSig group-mask/型別index選択と選択track全保持編集を所有（原版COM ABI全互換は未完）; 021203947Z Sequence/Band group-mask/type-index selection and selected-track edits, atomic context/history and new-track masks","current021919982Z native645 and independent Sequence/Band/Tempo/TimeSig/meter RIFF audits passed; original dynamic comparison unexecuted","current031059939Z native645/group parameters passed; GUI group2/Tempo2/TimeSig2 meter edit, exact saves/project reload in same process/reapply/resave/PlayStop/normal close passed53 captures. Separate-process reload/audio/original comparison/all40/all8 incomplete","current API55/54 and GUI131 provenance passed original40hash matches0; declared Windows runtime/UI/ambient Microsoft dependencies; full functionality incomplete","Original Producer Band ordering/position/configuration and editor-runtime mapping; current separate-process reload/audio, other document paths and all40/all8","product-host.md; style-contract.md; product-state.json; product180749821Z/run.json; style-playback/mapping-proof.json; product-ui180100Z/unit-audit.json（GUI175953941Z）; work/acceptance/product/20261003T011344117Z/core/track-groups/group-proof.json; work/acceptance/product/20261003T011344117Z/playback-module-provenance.json; work/acceptance/product-ui/20261003T014300Z/group-gui-proof.json; work/acceptance/product/20261003T014231358Z/core/meter-batch/meter-batch-proof.json; work/acceptance/product/20261003T021405339Z/core/sequence-band-groups/sequence-band-group-proof.json; product-ui/20261003T022100Z/sequence-band-group-gui-proof.json; work/acceptance/product-ui/20261003T031821972Z/parameter-gui-proof.json"
"SegmentStripMgr.dll","19f98fc728a7167e2f7651eae1749012d643fc65666918bb05f1249b59a6771b","Segment参照配置","segment reference","予定 src/tracks/segment_reference","Segment文書・再生","未着手","未実施","未実施","現行headless最小経路は原版hash一致0件。全GUI/再生/全機能は未確認。比較経路は原版依存を維持","参照path/GUID・起動時刻・再生の仕様","modules.csv; host-map.md; product-host.md (責務の未観測詳細は課題)"
"SequenceStripMgr.dll","1857edef76a0b60cf4ed7941d36e812493b4e781f8af0c79f7da5d9f2a1552e3","Sequence編集","sequence track; MIDI","src/producer/sequence.*; producer_core/producer","Timeline・Band・再生","seqt/evtl音符追加、curve/未知bytes保持、全RIFF Undo/Redo、GUI音符数; 021203947Z Sequence/Band group-mask/type-index selection and selected-track edits, atomic context/history and new-track masks; selected group/type-index note edit/delete, physical-clock ordering with offset retained, full snapshot history/Framework reload; current GUI connection pending","current043148553Z targeted Sequence CRUD23 native checks and independent RIFF audit passed; full native regression unexecuted current; previous034701101Z670 checks are historical","current043148553Z standard CRUD snapshot runtime9group/6Tempo/wholebytes/PlayStop passed; synthetic extended input partial load rejected before Download/Play. Current GUI/audio/original comparison/all40/all8 incomplete","current runtime56 modules provenance passed original40hash matches0; Windows DirectMusic/DirectSound/GM.DLS remain; current GUI inventory unexecuted","Connect selected Sequence note CRUD to main UI, save/normal-close/separate-process reload; investigate extended Sequence runtime compatibility and original behavior; remaining40/all8","product-host.md; style-contract.md; product-state.json; product180749821Z/run.json; style-playback/mapping-proof.json; product-ui180100Z/unit-audit.json（GUI175953941Z）; work/acceptance/product/20261003T021405339Z/core/sequence-band-groups/sequence-band-group-proof.json; product-ui/20261003T022100Z/sequence-band-group-gui-proof.json; work/acceptance/product/20261003T025830354Z/group-playback/group-playback-proof.json; work/acceptance/product/20261003T025830354Z/group-playback-module-provenance.json; work/acceptance/product/20261003T031302411Z/group-playback/group-playback-proof.json; work/acceptance/product-group/20261003T031318943Z/group-playback/group-playback-proof.json; work/acceptance/sequence-crud/20261003T043309507Z/core/sequence-crud/sequence-crud-proof.json; sequence-crud-playback-proof.json"
"SignPostStripMgr.dll","919ede35a87162c0644ab54367832da9ddb30672f18bddd1f44abe42b4d85e2a","SignPost編集","signpost track","予定 src/tracks/signpost","ChordMap・Timeline","未着手","未実施","未実施","現行headless最小経路は原版hash一致0件。全GUI/再生/全機能は未確認。比較経路は原版依存を維持","最小イベントの形式と編集操作を観測","modules.csv; host-map.md; product-host.md (責務の未観測詳細は課題)"
"StyleDesigner.ocx","c694ce12de2703cce131281e059fd8083472ad16aa5d00f1c425c40586a6e9d9","Style・pattern編集","DMST/stp/sty","src/producer/style.*; producer_core","Band・MIDI・Chord","部分: source Style factory・DMST全体保持、tempo/meter/Pattern groove編集と保存。Pattern meter/lengthとrhythm resizeを追加。Part/PartRefとnote CRUD/6fields編集追加。残るclipboard/演奏属性/Band未実装; source Pattern duplication with shared references and selected Part unshare/new GUID, atomic Framework cache/history, GUI menu; atomic source Pattern name/embellishment properties and host inputs; existing source SPC1 Pattern copy/paste/fresh Part GUID remapping present, original Clipboard/UI compatibility still incomplete; current020531123Z Style root ownedDLS locale/reference atomic assignment/cache and GUI binding; Project Open meter fields initialized; current024829130Z explicit Style root Band to Segment copy/owned DLS GUID retarget, source-preserving transaction, GUI source list; normal source Pattern no Sequence fallback","094600314Z targeted20 properties checks, full-byte save/separate Framework restore/resave, Fill/Intro swap each12 generated notes; current fullsuite/ownership regression/other embellishments unexecuted; current020531123Z rootDLS29/relatedMotif28 independent raw passed, full core unexecuted; current024829130Z normalStyle17/independent raw passed; fullcore unexecuted","094600314Z properties GUI edit/UndoRedo/save/separate PID restore/exact resave/2 normal exit0 passed; GUI playback/audio unexecuted. Native20/two12-note paths separately proven; current020531123Z rootStyle DLS GUI exact saved bytes and ProjectOpen5/8 to4/4 passed, audio/restart/exit unexecuted; current024829130Z CLI normalPattern ownedDLS440Hz/120 to180tempo/PlayStop replay finalStop26sec passed; newGUI unexecuted; 現行141957011Z保存75sources構成/build/install0。本体Motif再生画面で所有AudioPathを明示選択できるよう接続し、GetMotif再生を保持した私有設定carrierを実装。native28/Runtime11出力監査/元Source不在、同GUI呼出しCLI録音880Hz120BPM/Stop再開passed。実GUI PID15040でも所有AudioPathを選んだPlay/Stopと録音内再開/Stopを別々の校正済WASAPI録音で確認、無音RMS0/75・43onset/880Hz120BPM。派生反例各3拒否、範囲外PChannelはDownload/Play前拒否。別GUI PID2012で保存Style/Motif/AudioPath候補復元・取消し、両通常終了0/入力全bytes保持。GUI128/再読込105/CLI56/host24modules原版40hash一致0。全体共通AudioPath/原版動的比較/physical isolation/全core/全40/全八未完了。 work/analysis/owned-motif-gui/20261004T144700Z/report.md; 現行150511775Z保存75sources構成/build/install0。Conductor共通default AudioPathを次のSegment/Motif要求へ適用し、埋込Segment優先・私有コピー/元文書保持を11checks/独立RIFF全bytes監査で確認。本体TransportメニューとMotif Transport defaultを接続、現行GUI未実行。新native Motif28/Runtime11出力・元Source不在、共通default経由GetMotifとWASAPI2回880Hz120BPM/Stop再開/3区間RMS0/3派生PCM拒否passed。再生56modules原版40hash一致0。再生中切替/未接続silent互換/GUI/全core/物理隔離/全40/全八未完了。 work/analysis/transport-default/20261004T151000Z/report.md","Current host24/notes57 each/GUI45 each audited original40hash0 point inventories; Windows runtime/GM.DLS declared; full responsibilities incomplete; currenthost23/playback57 original40hash0; OS dependencies retained","Validate current Transport menu and Motif default selection in actual GUI with calibrated WASAPI capture and normal exit/separate reload; verify real Segment embedded-path precedence using a conflicting default configuration. Then implement live AudioPath switching and original silent unconnected-PChannel behavior with multi-session ownership, without dropping document bytes. Continue retained per-file Runtime folder memory/native save/reopen and all40/all8; do not repeat frozen OS error5 failures without changed-condition evidence.","product-host.md; style-contract.md; product-state.json; product180749821Z/run.json; style-playback/mapping-proof.json; product-ui180100Z/unit-audit.json（GUI175953941Z）; pattern-ownership-contract.md; work/acceptance/pattern-ownership/20261003T092203678Z/unit-record.json; pattern-properties-contract.md; work/acceptance/pattern-properties/20261003T094717628Z/unit-record.json; work/acceptance/product-project-gui/20261003T095313400Z/properties-gui-proof.json; work/analysis/jazp-save/20261003T203300Z/unit-record.json; work/analysis/style-root-dls/20261004T020600Z/unit-record.json; work/analysis/normal-style-dls/20261004T023800Z/unit-record.json; 2026-10-04校正済み通常Style GUI音声：work/analysis/normal-style-gui-audio/20261004T035000Z。現行024829130Z/PID8628、録音器032918787Z、180秒5phase、440Hz・120→180BPM両再生合格（64/72音）、3無音RMS0、自然終了前Stop/再開/finalStop、128module原版40hash0。4派生反例拒否。製品62sources不変、configure/build/installは同版既存0。物理スピーカー/GUI MIDI callback/fullcore/full40/full8未確認。次はDLS articulation/native ndsc/原版比較。; work/analysis/normal-style-gui-audio/20261004T035000Z/unit-record.json; work/analysis/owned-motif-gui/20261004T144700Z/unit-record.json; work/analysis/transport-default/20261004T151000Z/unit-record.json"
"StyleRefStripMgr.dll","db2bb1b1e7e99acd32607738a94a834a4befb5ff4826e0347e45e2c957bc4682","Style参照track","sttr; DMRF","src/producer/style.*; document.*; producer_core","Style文書・TimeSig・再生","部分: GUID+filename/GUID-only owned catalog参照、変更前context検証・更新。参照track編集/外部COM通知未実装","現行184224946Z native263件・Band/共有Part/opaque bytes保持・Framework project復元。原版動的比較未実行","旧173648628Z音符clone/UndoRedo/reloadと175953941Z Band patch5/UndoRedo/reloadのGUI証拠を保持。現行181723070Z独立Band GUI pan/UndoRedo/save/project復元成功。Style GUI/聴取/八受入未完了","現行headless24/初期Style57実ロード、原版40hash一致0。通常再生/追加filenameケース/GUI/全機能未判定","Part/Pattern生成・音符clipboard/演奏属性、Band、rhythm編集/原版動的比較、追加filename/GUI moduleと残る全責務/八受入","product-host.md; style-contract.md; product-state.json; product180749821Z/run.json; style-playback/mapping-proof.json; product-ui180100Z/unit-audit.json（GUI175953941Z）"
"TempoStripMgr.dll","bb9811c74f68dcf0b37d32fe2ae89d3e45962e59b95f1ec93ddf7a12635a5c95","Tempo編集・保存・同期","tetr; copy24","src/tempo; producer_core / tempo_strip_manager","Framework・Timeline・ランタイム","限定ソースあり・本体実行未確認; 現行製品はTempo/TimeSig group-mask/型別index選択と選択track全保持編集を所有（原版COM ABI全互換は未完）","current031059939Z native645,independent raw RIFF/runtime group and parameter audits passed; 18Tempo/TimeSig parameters indexed fixture. Original dynamic comparison unexecuted","current031059939Z native645/group parameters passed; GUI group2/Tempo2/TimeSig2 meter edit, exact saves/project reload in same process/reapply/resave/PlayStop/normal close passed53 captures. Separate-process reload/audio/original comparison/all40/all8 incomplete","current API55/54 and GUI131 provenance passed original40hash matches0; declared Windows runtime/UI/ambient Microsoft dependencies; full functionality incomplete","Original Producer Band ordering/position/configuration and editor-runtime mapping; current separate-process reload/audio, other document paths and all40/all8","modules.csv; host-map.md; product-host.md (責務の未観測詳細は課題); work/acceptance/product/20261003T011344117Z/core/track-groups/group-proof.json; work/acceptance/product/20261003T011344117Z/playback-module-provenance.json; work/acceptance/product-ui/20261003T014300Z/group-gui-proof.json; work/acceptance/product/20261003T014231358Z/core/meter-batch/meter-batch-proof.json; work/acceptance/product/20261003T031302411Z/group-playback/group-playback-proof.json; work/acceptance/product-group/20261003T031318943Z/group-playback/group-playback-proof.json; work/acceptance/product-ui/20261003T031821972Z/parameter-gui-proof.json"
"Timeline.dll","bebc8149e31f3b4b0b74bffbf482acc38ba8b5b28a1468c9741e71961c6db176","時刻軸・座標・通知・編集ホスト","MUSIC_TIME; 拍子; strip","src/producer/timeline; producer_core","拍子モデル・編集文書・表示","自作型付き限定サービス/文書ソース。原版COM ABI互換全体は未完了; 現行製品はTempo/TimeSig group-mask/型別index選択と選択track全保持編集を所有（原版COM ABI全互換は未完）; 021203947Z Sequence/Band group-mask/type-index selection and selected-track edits, atomic context/history and new-track masks","current031059939Z native645,independent raw RIFF/runtime group and parameter audits passed; 18Tempo/TimeSig parameters indexed fixture. Original dynamic comparison unexecuted","current031059939Z native645/group parameters passed; GUI group2/Tempo2/TimeSig2 meter edit, exact saves/project reload in same process/reapply/resave/PlayStop/normal close passed53 captures. Separate-process reload/audio/original comparison/all40/all8 incomplete","current API55/54 and GUI131 provenance passed original40hash matches0; declared Windows runtime/UI/ambient Microsoft dependencies; full functionality incomplete","Original Producer Band ordering/position/configuration and editor-runtime mapping; current separate-process reload/audio, other document paths and all40/all8","product-host.md; style-contract.md; product-state.json; product180749821Z/run.json; style-playback/mapping-proof.json; product-ui180100Z/unit-audit.json（GUI175953941Z）; work/acceptance/product/20261003T011344117Z/core/track-groups/group-proof.json; work/acceptance/product/20261003T011344117Z/playback-module-provenance.json; work/acceptance/product-ui/20261003T014300Z/group-gui-proof.json; work/acceptance/product/20261003T014231358Z/core/meter-batch/meter-batch-proof.json; work/acceptance/product/20261003T021405339Z/core/sequence-band-groups/sequence-band-group-proof.json; product-ui/20261003T022100Z/sequence-band-group-gui-proof.json; work/acceptance/product/20261003T025830354Z/group-playback/group-playback-proof.json; work/acceptance/product/20261003T025830354Z/group-playback-module-provenance.json; work/acceptance/product/20261003T031302411Z/group-playback/group-playback-proof.json; work/acceptance/product-group/20261003T031318943Z/group-playback/group-playback-proof.json; work/acceptance/product-ui/20261003T031821972Z/parameter-gui-proof.json"
"TimeSigStripMgr.dll","898258cfbf1b17bef0054695d25331c530e2ee2846c5d45073a8fd5670484bb7","拍子編集・Style取込み","TIMS/tims; Style参照","src/time_signature; producer_core / time_signature_strip_manager","Style・Timeline・ランタイム","限定互換DLLソースと製品明示拍子/Style group1取込みあり。全COM互換とStyle-backed編集は未完了; 現行製品はTempo/TimeSig group-mask/型別index選択と選択track全保持編集を所有（原版COM ABI全互換は未完）","current031059939Z native645,independent raw RIFF/runtime group and parameter audits passed; 18Tempo/TimeSig parameters indexed fixture. Original dynamic comparison unexecuted","current031059939Z native645/group parameters passed; GUI group2/Tempo2/TimeSig2 meter edit, exact saves/project reload in same process/reapply/resave/PlayStop/normal close passed53 captures. Separate-process reload/audio/original comparison/all40/all8 incomplete","current API55/54 and GUI131 provenance passed original40hash matches0; declared Windows runtime/UI/ambient Microsoft dependencies; full functionality incomplete","Original Producer Band ordering/position/configuration and editor-runtime mapping; current separate-process reload/audio, other document paths and all40/all8","product-host.md; style-contract.md; product-state.json; product152951369Z/run.json; product-ui153100Z/states.json; work/acceptance/product/20261003T011344117Z/core/track-groups/group-proof.json; work/acceptance/product/20261003T011344117Z/playback-module-provenance.json; work/acceptance/product-ui/20261003T014300Z/group-gui-proof.json; work/acceptance/product/20261003T014231358Z/core/meter-batch/meter-batch-proof.json; work/acceptance/product/20261003T031302411Z/group-playback/group-playback-proof.json; work/acceptance/product-group/20261003T031318943Z/group-playback/group-playback-proof.json; work/acceptance/product-ui/20261003T031821972Z/parameter-gui-proof.json"
"ToolGraphDesigner.ocx","67cfab8a022ed7793df69afd5ef5c58c35cbe6ddca4ae040e2900a12bd5ded18","ToolGraph文書編集","tgr/tgp","予定 src/tool_graph","tool・PChannel・再生","未着手","未実施","未実施","現行headless最小経路は原版hash一致0件。全GUI/再生/全機能は未確認。比較経路は原版依存を維持","最小graph・tool生成・順序・保存契約","modules.csv; host-map.md; product-host.md (責務の未観測詳細は課題)"
"WaveStripMgr.dll","81be606a6b62511f805b6074396d2d2d328f05563dfaf45414ceb44d1f435dba","Wave配置・編集","WAVE/wvp/wav; wave track","予定 src/wave","AudioPath・Timeline・再生","未着手","未実施","未実施","現行headless最小経路は原版hash一致0件。全GUI/再生/全機能は未確認。比較経路は原版依存を維持","波形参照・位置・trimと最小保存を観測","modules.csv; host-map.md; product-host.md (責務の未観測詳細は課題)"
"MFC42.DLL","ec63a85030c60716acdcf060abfaa95a6a3528631622fa60e7d17fbea2f751f9","旧MFCランタイム","旧UI ABI","製品Win32 UIへ置換方針","原版比較のみ","未着手","未実施","未実施","現行headless最小経路は原版hash一致0件。全GUI/再生/全機能は未確認。比較経路は原版依存を維持","製品実ロードで不要を確認; 外部ABI残存を調査","modules.csv; host-map.md; product-host.md (責務の未観測詳細は課題)"
"MSVCRT.DLL","887eb5ce93edb7192ca3e9220f07f9ca0f94db02af5862ebcbdfcb852db99fd1","旧CRTランタイム","C runtime","製品MSVC /MT","OS API・静的CRT","未着手","未実施","未実施","現行headless最小経路は原版hash一致0件。全GUI/再生/全機能は未確認。比較経路は原版依存を維持","製品実ロードと依存版を確認","modules.csv; host-map.md; product-host.md (責務の未観測詳細は課題)"
"MSFLXGRD.OCX","14c7e6588250e35030f198353f0ddc65c49515d875db6ba9e01d6596845c8fe8","旧gridコントロール","grid UI","予定 src/controls/grid","対象編集画面","未着手","未実施","未実施","現行headless最小経路は原版hash一致0件。全GUI/再生/全機能は未確認。比較経路は原版依存を維持","原版利用画面と選択/編集要件を特定","modules.csv; host-map.md; product-host.md (責務の未観測詳細は課題)"
"Farm.exe","078e6b5929c2ba974c70cca710d63bde631df72a172758fb1fe76e177df11be6","同梱ゲームサンプル","FarmMusic.spt; DLS/Style","既存sample source; 製品試験入力候補","Script・Style・Band・音源","未着手","未実施","未実施","現行headless最小経路は原版hash一致0件。全GUI/再生/全機能は未確認。比較経路は原版依存を維持","本体受入で必要な機能/資料としての役割を確定","modules.csv; host-map.md; product-host.md (責務の未観測詳細は課題)"
"StylePlayer.exe","2a746be919f771015d08e5868369b873035e763796c0bcdfe097d819afbfc0a0","同梱Style再生アプリ","Style Library","製品再生機能に対応予定","Style・Band・音源・再生","未着手","未実施","未実施","現行headless最小経路は原版hash一致0件。全GUI/再生/全機能は未確認。比較経路は原版依存を維持","補助アプリの対象機能と配布要否を確定","modules.csv; host-map.md; product-host.md (責務の未観測詳細は課題)"
