"module","input","sha256","category","registration","implementation","comparison","cleanBuild","hostAcceptance"
"ADSREnvelope.ocx","work/producer/app/ADSREnvelope.ocx","d3be910f7e8f2d17ae1216d0588eef08e1e2cb98c1c9f70f77799cb571be8e58","Producer 本体・同梱モジュール","専用ハイブで登録失敗","互換実装なし","互換実装との比較未実施","互換実装のクリーンビルド未実施","互換実装の本体受入未実施"
"AudioPathDesigner.ocx","work/producer/app/AudioPathDesigner.ocx","6eb44bf5381b59c9205584520e9bec5676f3170a31e4a043d2983db4fedf9ec5","Producer 本体・同梱モジュール","専用ハイブで登録成功","互換実装なし","互換実装との比較未実施","互換実装のクリーンビルド未実施","互換実装の本体受入未実施"
"BandEditor.ocx","work/producer/app/BandEditor.ocx","b2cf00b7f46508618356690233a83ca007bb3b76f41326d8717974020074ab0e","Producer 本体・同梱モジュール","専用ハイブで登録成功","互換実装なし","互換実装との比較未実施","互換実装のクリーンビルド未実施","互換実装の本体受入未実施"
"BandStripMgr.dll","work/producer/app/BandStripMgr.dll","032f5fd29c3176c532927dcc669bd31d2be0b6fd4d4f207683341964512b17d7","Producer 本体・同梱モジュール","専用ハイブで登録成功","互換実装なし","互換実装との比較未実施","互換実装のクリーンビルド未実施","互換実装の本体受入未実施"
"ChordMapDesigner.ocx","work/producer/app/ChordMapDesigner.ocx","bc5090c7bec982b5c9b69ddfe18b3e6a4d47f131cc58aa2a64bd78bcaea0b50e","Producer 本体・同梱モジュール","専用ハイブで登録成功","互換実装なし","互換実装との比較未実施","互換実装のクリーンビルド未実施","互換実装の本体受入未実施"
"ChordMapRefStripMgr.dll","work/producer/app/ChordMapRefStripMgr.dll","6ecb93cdf17eaa2f900f8d7caa66d4b3231d4884244dae346dc039859518e37a","Producer 本体・同梱モジュール","専用ハイブで登録成功","互換実装なし","互換実装との比較未実施","互換実装のクリーンビルド未実施","互換実装の本体受入未実施"
"ChordMapStripMgr.dll","work/producer/app/ChordMapStripMgr.dll","24f5c6f67772d148c9520b0210d04f0be18a9d6719029ddbad0623042a52e9f2","Producer 本体・同梱モジュール","専用ハイブで登録成功","互換実装なし","互換実装との比較未実施","互換実装のクリーンビルド未実施","互換実装の本体受入未実施"
"ChordStripMgr.dll","work/producer/app/ChordStripMgr.dll","33db8e6f8e2eeaf7aeab68e368b2fd38478b1157278a91f5895e24640d39288b","Producer 本体・同梱モジュール","専用ハイブで登録成功","互換実装なし","互換実装との比較未実施","互換実装のクリーンビルド未実施","互換実装の本体受入未実施"
"CommandStripMgr.dll","work/producer/app/CommandStripMgr.dll","c03ad80ae029ee24768c8859e1081597f8cd527e5cccf382c00fb36c272c05bb","Producer 本体・同梱モジュール","専用ハイブで登録成功","互換実装なし","互換実装との比較未実施","互換実装のクリーンビルド未実施","互換実装の本体受入未実施"
"Conductor.dll","work/producer/app/Conductor.dll","09a0a40ea983eb78a76826ec5b6faa077d3dae393eddd31db93dfc2512e53cf7","Producer 本体・同梱モジュール","専用ハイブで登録成功","互換実装なし","互換実装との比較未実施","互換実装のクリーンビルド未実施","互換実装の本体受入未実施"
"ContainerDesigner.ocx","work/producer/app/ContainerDesigner.ocx","7ccebafb8435398c8d824728b8bb2a562a490640f349bd57d7ec7d4017098a44","Producer 本体・同梱モジュール","専用ハイブで登録成功","互換実装なし","互換実装との比較未実施","互換実装のクリーンビルド未実施","互換実装の本体受入未実施"
"DLSDesigner.ocx","work/producer/app/DLSDesigner.ocx","db9c3d57ee2c6c2446489c3146f198b79797fda4f2f41d4ea67b92391560c065","Producer 本体・同梱モジュール","専用ハイブで登録成功","互換実装なし","互換実装との比較未実施","互換実装のクリーンビルド未実施","互換実装の本体受入未実施"
"DMUSProd.exe","work/producer/app/DMUSProd.exe","fad2eec4d5dacd3bfd67694ea63ca169517902b73e30d283998cf7726e41c011","Producer 本体・同梱モジュール","登録観測未実施・対象確認要","互換実装なし","互換実装との比較未実施","互換実装のクリーンビルド未実施","基本編集の候補終了再起動と原版相互読込を確認。新候補のコピー・切取・貼付・保存・Undo/Redo・プロジェクト再読込も確認。再生未検証"
"FileOutputDMO.dll","work/producer/app/FileOutputDMO.dll","527d01290411984999a54ed8950330714c63ddaa998709c913cacb83dfff845e","Producer 本体・同梱モジュール","専用ハイブで登録成功","互換実装なし","互換実装との比較未実施","互換実装のクリーンビルド未実施","互換実装の本体受入未実施"
"LyricStripMgr.dll","work/producer/app/LyricStripMgr.dll","94fd222036aefcf11b6e39386a750bc71ed07b3bc5710609657f0b3959724762","Producer 本体・同梱モジュール","専用ハイブで登録成功","互換実装なし","互換実装との比較未実施","互換実装のクリーンビルド未実施","互換実装の本体受入未実施"
"MarkerStripMgr.dll","work/producer/app/MarkerStripMgr.dll","d7d1e14f7288444377b3494ba1a647e631feddff15e1dff1d1441322786ffd05","Producer 本体・同梱モジュール","専用ハイブで登録成功","互換実装なし","互換実装との比較未実施","互換実装のクリーンビルド未実施","互換実装の本体受入未実施"
"MFC42.DLL","work/producer/app/MFC42.DLL","ec63a85030c60716acdcf060abfaa95a6a3528631622fa60e7d17fbea2f751f9","依存ライブラリ","登録観測未実施・対象確認要","互換実装なし","互換実装との比較未実施","互換実装のクリーンビルド未実施","互換実装の本体受入未実施"
"MIDIStripMgr.dll","work/producer/app/MIDIStripMgr.dll","cba6013d41a7ffb45068ee51a2629cf136351068cb211427ec792a87d1542de3","Producer 本体・同梱モジュール","専用ハイブで登録成功","互換実装なし","互換実装との比較未実施","互換実装のクリーンビルド未実施","互換実装の本体受入未実施"
"MSFLXGRD.OCX","work/producer/app/MSFLXGRD.OCX","14c7e6588250e35030f198353f0ddc65c49515d875db6ba9e01d6596845c8fe8","依存ライブラリ","登録観測未実施・対象確認要","互換実装なし","互換実装との比較未実施","互換実装のクリーンビルド未実施","互換実装の本体受入未実施"
"MSVCRT.DLL","work/producer/app/MSVCRT.DLL","887eb5ce93edb7192ca3e9220f07f9ca0f94db02af5862ebcbdfcb852db99fd1","依存ライブラリ","登録観測未実施・対象確認要","互換実装なし","互換実装との比較未実施","互換実装のクリーンビルド未実施","互換実装の本体受入未実施"
"MuteStripMgr.dll","work/producer/app/MuteStripMgr.dll","8c0d35f0de784b03c328cf56336b2da16bc27c8662a33f40fb149bc7ae4e6652","Producer 本体・同梱モジュール","専用ハイブで登録成功","互換実装なし","互換実装との比較未実施","互換実装のクリーンビルド未実施","互換実装の本体受入未実施"
"PanVol.ocx","work/producer/app/PanVol.ocx","b2b0c3b9fc9cf027aeeb1e6ba8640fc4ced47d8e41471b45b9726849b12a6fd4","Producer 本体・同梱モジュール","専用ハイブで登録失敗","互換実装なし","互換実装との比較未実施","互換実装のクリーンビルド未実施","互換実装の本体受入未実施"
"ParamStripMgr.dll","work/producer/app/ParamStripMgr.dll","a00255b501d15e677980be8026cd8a15847ab5ec5c66db83c0182279a9dd8a57","Producer 本体・同梱モジュール","専用ハイブで登録成功","互換実装なし","互換実装との比較未実施","互換実装のクリーンビルド未実施","互換実装の本体受入未実施"
"RegionKeyboard.ocx","work/producer/app/RegionKeyboard.ocx","3f7809a6d2ac4ff744a60db44cbe9a929ff3b2d4ed2390387b12b8d2867a75d6","Producer 本体・同梱モジュール","専用ハイブで登録失敗","互換実装なし","互換実装との比較未実施","互換実装のクリーンビルド未実施","互換実装の本体受入未実施"
"ScriptDesigner.ocx","work/producer/app/ScriptDesigner.ocx","3424aa2b64047a77f935b09e1b0653d811f7d75314d86a6153e134a97f481a42","Producer 本体・同梱モジュール","専用ハイブで登録成功","互換実装なし","互換実装との比較未実施","互換実装のクリーンビルド未実施","互換実装の本体受入未実施"
"ScriptStripMgr.dll","work/producer/app/ScriptStripMgr.dll","46bf4682d864b7fd82e357a0b9050680774b71eec278003a550af3d348639967","Producer 本体・同梱モジュール","専用ハイブで登録成功","互換実装なし","互換実装との比較未実施","互換実装のクリーンビルド未実施","互換実装の本体受入未実施"
"SegmentDesigner.ocx","work/producer/app/SegmentDesigner.ocx","541e5dd87c62cb0b449c571aba4e7ac863b093877ded7793eea89e4c6877c1bb","Producer 本体・同梱モジュール","専用ハイブで登録成功","互換実装なし","互換実装との比較未実施","互換実装のクリーンビルド未実施","互換実装の本体受入未実施"
"SegmentStripMgr.dll","work/producer/app/SegmentStripMgr.dll","19f98fc728a7167e2f7651eae1749012d643fc65666918bb05f1249b59a6771b","Producer 本体・同梱モジュール","専用ハイブで登録成功","互換実装なし","互換実装との比較未実施","互換実装のクリーンビルド未実施","互換実装の本体受入未実施"
"SequenceStripMgr.dll","work/producer/app/SequenceStripMgr.dll","1857edef76a0b60cf4ed7941d36e812493b4e781f8af0c79f7da5d9f2a1552e3","Producer 本体・同梱モジュール","専用ハイブで登録成功","互換実装なし","互換実装との比較未実施","互換実装のクリーンビルド未実施","互換実装の本体受入未実施"
"SignPostStripMgr.dll","work/producer/app/SignPostStripMgr.dll","919ede35a87162c0644ab54367832da9ddb30672f18bddd1f44abe42b4d85e2a","Producer 本体・同梱モジュール","専用ハイブで登録成功","互換実装なし","互換実装との比較未実施","互換実装のクリーンビルド未実施","互換実装の本体受入未実施"
"StyleDesigner.ocx","work/producer/app/StyleDesigner.ocx","c694ce12de2703cce131281e059fd8083472ad16aa5d00f1c425c40586a6e9d9","Producer 本体・同梱モジュール","専用ハイブで登録成功","互換実装なし","互換実装との比較未実施","互換実装のクリーンビルド未実施","互換実装の本体受入未実施"
"StyleRefStripMgr.dll","work/producer/app/StyleRefStripMgr.dll","db2bb1b1e7e99acd32607738a94a834a4befb5ff4826e0347e45e2c957bc4682","Producer 本体・同梱モジュール","専用ハイブで登録成功","互換実装なし","互換実装との比較未実施","互換実装のクリーンビルド未実施","互換実装の本体受入未実施"
"TempoStripMgr.dll","work/producer/app/TempoStripMgr.dll","bb9811c74f68dcf0b37d32fe2ae89d3e45962e59b95f1ec93ddf7a12635a5c95","Producer 本体・同梱モジュール","専用ハイブで登録成功","限定経路の互換ソースあり","6887レコード・443通常ファイル・123コピー・66画像一致","保存35ソースからビルド成功・新規生成物の実行は拒否","基本編集の候補終了再起動と原版相互読込を確認。新候補のコピー・切取・貼付・保存・Undo/Redo・プロジェクト再読込も確認。再生未検証"
"Timeline.dll","work/producer/app/Timeline.dll","bebc8149e31f3b4b0b74bffbf482acc38ba8b5b28a1468c9741e71961c6db176","Producer 本体・同梱モジュール","専用ハイブで登録成功","互換実装なし","原版を Tempo 接続試験で使用","互換実装のクリーンビルド未実施","互換実装の本体受入未実施"
"TimeSigStripMgr.dll","work/producer/app/TimeSigStripMgr.dll","898258cfbf1b17bef0054695d25331c530e2ee2846c5d45073a8fd5670484bb7","Producer 本体・同梱モジュール","専用ハイブで登録成功","互換実装なし","原版を Tempo 接続試験で使用","互換実装のクリーンビルド未実施","互換実装の本体受入未実施"
"ToolGraphDesigner.ocx","work/producer/app/ToolGraphDesigner.ocx","67cfab8a022ed7793df69afd5ef5c58c35cbe6ddca4ae040e2900a12bd5ded18","Producer 本体・同梱モジュール","専用ハイブで登録成功","互換実装なし","互換実装との比較未実施","互換実装のクリーンビルド未実施","互換実装の本体受入未実施"
"Uninst.dll","work/producer/app/Uninst.dll","0fc8954f15982de1a6e6bf60de7def72f6e4efc1160a7c1ab1384743fe92c327","Producer 本体・同梱モジュール","登録観測未実施・対象確認要","互換実装なし","互換実装との比較未実施","互換実装のクリーンビルド未実施","互換実装の本体受入未実施"
"WaveStripMgr.dll","work/producer/app/WaveStripMgr.dll","81be606a6b62511f805b6074396d2d2d328f05563dfaf45414ceb44d1f435dba","Producer 本体・同梱モジュール","専用ハイブで登録成功","互換実装なし","互換実装との比較未実施","互換実装のクリーンビルド未実施","互換実装の本体受入未実施"
"Farm.exe","work/producer/samples/FarmGame/Farm.exe","078e6b5929c2ba974c70cca710d63bde631df72a172758fb1fe76e177df11be6","同梱サンプル・補助アプリ","登録観測未実施・対象確認要","互換実装なし","互換実装との比較未実施","互換実装のクリーンビルド未実施","互換実装の本体受入未実施"
"StylePlayer.exe","work/producer/style-library/StylePlayer.exe","2a746be919f771015d08e5868369b873035e763796c0bcdfe097d819afbfc0a0","同梱サンプル・補助アプリ","登録観測未実施・対象確認要","互換実装なし","互換実装との比較未実施","互換実装のクリーンビルド未実施","互換実装の本体受入未実施"
